基因索引,类型
0,两种方法共同筛选
1,两种方法共同筛选
2,两种方法共同筛选
3,两种方法共同筛选
4,两种方法共同筛选
5,两种方法共同筛选
6,两种方法共同筛选
7,两种方法共同筛选
8,两种方法共同筛选
9,两种方法共同筛选
10,两种方法共同筛选
11,两种方法共同筛选
12,两种方法共同筛选
13,两种方法共同筛选
14,两种方法共同筛选
15,两种方法共同筛选
16,两种方法共同筛选
17,两种方法共同筛选
18,两种方法共同筛选
19,两种方法共同筛选
20,两种方法共同筛选
21,两种方法共同筛选
22,两种方法共同筛选
23,两种方法共同筛选
24,两种方法共同筛选
25,两种方法共同筛选
26,两种方法共同筛选
27,两种方法共同筛选
28,两种方法共同筛选
29,两种方法共同筛选
30,两种方法共同筛选
31,两种方法共同筛选
32,两种方法共同筛选
33,两种方法共同筛选
34,两种方法共同筛选
35,两种方法共同筛选
36,两种方法共同筛选
37,两种方法共同筛选
38,两种方法共同筛选
39,两种方法共同筛选
40,两种方法共同筛选
41,两种方法共同筛选
42,两种方法共同筛选
43,两种方法共同筛选
44,两种方法共同筛选
45,两种方法共同筛选
46,两种方法共同筛选
47,两种方法共同筛选
48,两种方法共同筛选
49,两种方法共同筛选
